{"Name": "BaseArena", "W": 1.94, "H": 1.18, "X0": 0, "Y0": 0, "Q0": 1.5707963267948966}
{"x": 0, "y": 0, "a": 1.5707963267948966}
{"x": 1.224646799147355e-18, "y": 0.019999999999999934, "a": 1.5707963267948966}
{"x": 2.4492935982947206e-18, "y": 0.04000000000000012, "a": 1.5707963267948966}
{"x": 3.673940397442074e-18, "y": 0.06000000000000069, "a": 1.5707963267948966}
{"x": 4.898587196589363e-18, "y": 0.08000000000000126, "a": 1.5707963267948966}
{"x": 6.1232339957366516e-18, "y": 0.10000000000000184, "a": 1.5707963267948966}
{"x": 7.347880794883941e-18, "y": 0.12000000000000241, "a": 1.5707963267948966}
{"x": 8.57252759403123e-18, "y": 0.1400000000000009, "a": 1.5707963267948966}
{"x": 9.797174393178519e-18, "y": 0.1599999999999987, "a": 1.5707963267948966}
{"x": 1.1021821192325808e-17, "y": 0.1799999999999965, "a": 1.5707963267948966}
{"x": 1.2246467991473097e-17, "y": 0.1999999999999943, "a": 1.5707963267948966}
{"x": 1.3471114790620386e-17, "y": 0.2199999999999921, "a": 1.5707963267948966}
{"x": 1.469576158976788e-17, "y": 0.2399999999999899, "a": 1.5707963267948966}
{"x": 1.5920408388915476e-17, "y": 0.2599999999999877, "a": 1.5707963267948966}
{"x": 1.7145055188063073e-17, "y": 0.2799999999999855, "a": 1.5707963267948966}
{"x": 1.836970198721067e-17, "y": 0.2999999999999833, "a": 1.5707963267948966}
{"x": 1.9594348786358267e-17, "y": 0.3199999999999811, "a": 1.5707963267948966}
{"x": 2.0818995585505864e-17, "y": 0.3399999999999789, "a": 1.5707963267948966}
{"x": 2.204364238465346e-17, "y": 0.35999999999997667, "a": 1.5707963267948966}
{"x": 2.3268289183801058e-17, "y": 0.37999999999997447, "a": 1.5707963267948966}
{"x": 2.4492935982948655e-17, "y": 0.39999999999997227, "a": 1.5707963267948966}
{"x": 2.5717582782096252e-17, "y": 0.41999999999997006, "a": 1.5707963267948966}
{"x": 2.694222958124385e-17, "y": 0.43999999999996786, "a": 1.5707963267948966}
{"x": 2.816687638039124e-17, "y": 0.45999999999996566, "a": 1.5707963267948966}
{"x": 2.939152317953822e-17, "y": 0.47999999999996346, "a": 1.5707963267948966}
{"x": 3.06161699786852e-17, "y": 0.49999999999996125, "a": 1.5707963267948966}